{"count":1,"self":149.3313152,"total":521.51786099999993,"children":{"InitializeActuators":{"count":2,"self":0.00062,"total":0.00062,"children":null},"InitializeSensors":{"count":2,"self":0.000879,"total":0.000879,"children":null},"AgentSendState":{"count":288434,"self":1.2067809999999999,"total":6.723006,"children":{"CollectObservations":{"count":86531,"self":0.06741,"total":0.06741,"children":null},"WriteActionMask":{"count":86531,"self":0.032535999999999995,"total":0.032535999999999995,"children":null},"RequestDecision":{"count":86531,"self":0.143183,"total":5.4162789999999994,"children":{"AgentInfo.ToProto":{"count":86531,"self":0.128736,"total":5.273096,"children":{"GenerateSensorData":{"count":86531,"self":5.0915219999999994,"total":5.14436,"children":{"RayPerceptionSensor.Perceive":{"count":86531,"self":0.052837999999999996,"total":0.052837999999999996,"children":null}}}}}}}}},"DecideAction":{"count":288434,"self":328.91811839999997,"total":328.91810699999996,"children":null},"AgentAct":{"count":288434,"self":36.4120256,"total":36.430412,"children":{"AgentInfo.ToProto":{"count":314,"self":0.00051499999999999994,"total":0.018387,"children":{"GenerateSensorData":{"count":314,"self":0.01764,"total":0.017872,"children":{"RayPerceptionSensor.Perceive":{"count":314,"self":0.000232,"total":0.000232,"children":null}}}}}}},"AgentInfo.ToProto":{"count":2213,"self":0.0033369999999999997,"total":0.11332199999999999,"children":{"GenerateSensorData":{"count":2213,"self":0.108461,"total":0.109985,"children":{"RayPerceptionSensor.Perceive":{"count":2213,"self":0.001524,"total":0.001524,"children":null}}}}}},"gauges":{"Runner.CumulativeReward":{"count":1266,"max":164.19986,"min":-230.187027,"runningAverage":-80.66867,"value":-101.875336,"weightedAverage":-108.045609},"Chaser.CumulativeReward":{"count":1261,"max":202.0314,"min":-117.961967,"runningAverage":78.0619659,"value":100.855637,"weightedAverage":104.202415}},"metadata":{"timer_format_version":"0.1.0","start_time_seconds":"1765741710","unity_version":"6000.2.10f1","command_line_arguments":"\/Applications\/Unity\/Hub\/Editor\/6000.2.10f1\/Unity.app\/Contents\/MacOS\/Unity -projectpath \/Users\/yichenwang\/Workspace\/Unity\/GD202 RL -acceptSoftwareTermsForThisRunOnly -useHub -hubIPC -cloudEnvironment production -licensingIpc LicenseClient-yichenwang -hubSessionId 62f8520a-c41f-4f51-af41-d5de3658d56e -accessToken RQFh5bP5zgSS4SG2_ShkEMjzZEwHFt0ttWwdGtsUowo002f","communication_protocol_version":"1.5.0","com.unity.ml-agents_version":"2.0.2","scene_name":"SampleScene","end_time_seconds":"1765742231"}}